path	bytes	sha1	source	fetched_at_utc
api-movies-tonight.json	8078	67e77abfe44626082224115916f79db62ae2782f	https://ottflix-production.up.railway.app/api/movies/tonight	2026-09-22T03:39:04Z
chat.html	78178	518511b677a367e8c831375b46b75a9aec59c953	https://ottflix-production.up.railway.app/chat.html	2026-09-22T03:39:00Z
css/modal.css	15005	adc42394b5a96b4a1f7426326589e2fa9c004b14	https://ottflix-production.up.railway.app/css/modal.css	2026-09-22T03:38:58Z
dismissed.html	13366	00ceec81afd6f4898913de613eb50967ccae3a40	https://ottflix-production.up.railway.app/dismissed.html	2026-09-22T03:38:53Z
favorites.html	11709	6cde21a023b75a8ae29471761542616588ca0509	https://ottflix-production.up.railway.app/favorites.html	2026-09-22T03:38:54Z
index.html	149000	44f896d21c5044f9f9ddcb7a1589093358f3cd27	https://ottflix-production.up.railway.app/index.html	2026-09-22T03:39:33Z
js/modal.js	19300	ba7e041cf3ee6b10b26994a0ebd6c0ef7462a9c6	https://ottflix-production.up.railway.app/js/modal.js	2026-09-22T03:39:33Z
js/watchlist.js	6501	70108dafdedd2c058082851734008e7fe51794bb	https://ottflix-production.up.railway.app/js/watchlist.js	2026-09-22T03:38:59Z
owlnight.png	1544	034d90e912cadcaa648cd5e10a98c886c9223ac5	https://ottflix-production.up.railway.app/owlnight.png	2026-09-22T03:39:02Z
settings.html	21454	080d545292a7d462a1ff971f16f4641ec684a974	https://ottflix-production.up.railway.app/settings.html	2026-09-22T03:38:55Z
watched.html	15036	a0db2f9c74b547a5e2ed78ad875221ae0a04a49c	https://ottflix-production.up.railway.app/watched.html	2026-09-22T03:39:01Z
watchlist.html	11692	c211eec4a480e1000992bbdeb67456f8bd038b05	https://ottflix-production.up.railway.app/watchlist.html	2026-09-22T03:38:56Z
